Timestamp,BTC,UNI,XMR,VET,USDT,BNB,ETH,MATIC,DOT,DOGE,XRP,SAND,SUSHI
02-01-2022,18904.58581103402,193.64996012109535,246.7232623933571,185.7056305315018,38101.900234817804,820.2626180493886,9948.120591378103,901.5653802468782,650.8063406952845,700.2341046624657,1784.805589729289,587.1570794345766,354.49753045806085
03-01-2022,33756.12824198571,200.98607831763113,171.4572022584469,203.45772416984556,35584.06376997802,1220.807572143435,10069.690529898535,845.0962190563001,1076.7154559372327,767.7705860212304,1750.6963357998545,616.1204409317069,323.1666229756251
04-01-2022,21890.019531577713,349.23583640987164,159.31741064472118,271.1009546457592,49571.17847513844,1155.6055676809767,12462.872357255108,1039.708966398375,1461.7659351203913,719.8696242899628,1965.5499939618894,694.7241811343692,414.7761799583237
05-01-2022,24895.990583663242,367.5297493567232,145.9035897842583,332.6184422772948,52215.82389378333,1866.5476365206503,13853.786397222266,1231.006375874175,1312.1425158722834,733.2293093076789,2130.875732678378,840.4235171803804,601.7073515082652
06-01-2022,31837.641246017873,598.8561124889485,146.0314304136967,730.5452533473793,66142.94385851873,2238.201788509528,18782.873941218313,1565.7341588901518,1517.0141080554445,1228.155231163383,2694.718977663249,1121.1043575474623,661.2719532566608
07-01-2022,26366.602396811766,371.1354071952639,150.9270566009499,421.55878241493974,61506.4679262826,2262.1009481225087,24467.18206300624,1673.500245569265,1281.481231356281,988.2976148153253,2602.668509463569,1419.3864807950204,379.55014022349394
08-01-2022,79685.25464807628,342.1933839076947,168.68793851806822,395.6564221160452,76248.64321762045,2340.8768499235052,24359.36944853183,1612.7827076406836,2220.537714312373,1156.7229024035275,2846.9079074084825,1055.968983616336,537.7842010851258
09-01-2022,23337.017232770664,210.46619729423182,140.28482386944594,301.62178371362256,54020.04290791013,2109.223635283141,15966.769090792395,1142.035788965897,1258.983747847014,758.1712300981503,2189.0236256248218,651.99177362695,296.19848758741506
10-01-2022,18016.718173608613,187.78268085240765,143.60017681566748,244.18591303407538,43865.83249231972,1017.473215748263,11906.478540265389,959.9139934007967,1087.1844191135012,574.0663653737342,1509.0978569053414,630.5193931322249,259.0618696858835
11-01-2022,27984.634062049943,333.2621125922411,135.87586735903608,308.9750587024431,61684.214451083295,2283.995177355379,19655.31471455994,1313.4663317614404,1414.1079862645206,827.2472306210834,2640.1729812978947,870.1702384006287,323.3104721151633
12-01-2022,22813.55739782151,244.06546298323056,137.24355224379732,247.950486201238,62955.34003896522,2693.9239726085098,14922.19536007549,1836.9284390101225,1276.5541835632812,1508.9696845002964,2379.1438402570166,767.5455823803727,251.51408776908013
13-01-2022,28250.302540221022,187.54095395189213,117.21323868459058,280.27998903124677,51924.93203769593,1732.5158940651106,15285.972614674169,1585.5273807266678,1159.7663650459333,870.1509098308384,2662.2305007550985,999.1761058445052,319.7252856672342
14-01-2022,43905.745871292784,197.5450358897999,334.54852664509974,302.18524629500655,51257.92906877951,1836.6553792635216,13999.771252160748,1292.6600316330039,1118.0398380957702,2164.6165627239275,2253.9931885968767,894.687442702382,393.7725955700571
15-01-2022,20238.31443486153,164.79285067984358,227.1360230915693,245.8069739777482,50376.244119025054,1775.644712449493,12316.286854849726,1124.9451498734077,1484.9883174308359,5107.792258865842,2142.88058093607,743.6512135741464,262.7004044221621
16-01-2022,14651.008624734597,172.5482317274185,117.67348146892586,170.93958301172069,36607.36634040375,1511.8051549803547,8659.65846705989,827.1091435144128,915.5177983819831,1719.975696358339,1749.569966297465,410.649094076673,161.9698939428522
17-01-2022,14452.346388550372,283.87639529941833,125.51315480189508,162.11306991888455,37225.946173964825,1332.1076687120556,9002.833937226436,729.3864942676801,1049.8456463621526,1052.4642228560376,1714.842895978317,548.9908846672703,148.95675034613538
18-01-2022,17694.929625845874,228.58549962698308,187.87735186976394,204.64254022704765,45484.203025236595,1711.9722207887721,11938.682376103683,1393.2071534715938,1170.4200061762897,1063.9703486869846,2106.153055463718,561.9377447167942,194.2532362880446
19-01-2022,18897.950050285974,322.5815839643909,147.12281186862404,212.0373004873316,46772.56782610233,1663.2808798601736,12700.15886046528,1259.0207441605185,1087.0044486463796,942.9119035927487,2140.3691668100423,524.3299634537266,178.35842670929827
20-01-2022,19626.11330955414,177.0650257891576,157.47777072413624,184.31101207387985,44980.654361771034,1446.2353049100648,12762.451059939085,1125.6466149631974,957.6575793641649,842.8749798602545,2106.9910822831685,514.9941427667154,201.07629872314715
21-01-2022,20930.163211171122,187.14558932718566,116.94754663934954,202.88862685357608,46245.235378691774,1653.634388745571,13389.58288956651,1174.1662905782857,988.3209110065201,749.5675076226405,2012.4837519288023,579.3215733861883,229.05596046738594
22-01-2022,38296.960033316274,317.04983275441504,184.89724984801512,424.83303952543525,79895.23903454548,3089.4611341418026,29314.647992596838,2012.7527355415568,1979.5445720363819,1306.7561943590274,3571.190454459163,1008.3649414655471,349.50561683730183
23-01-2022,35517.33641725774,441.03158229041907,213.35248151716027,504.47966899084963,85185.40282927398,3590.172456288106,28250.265353796116,2097.9320101501844,2455.3169247197993,1895.2826143690818,4042.933250326968,1308.7603968452659,393.97173294426847
24-01-2022,22865.032968608204,252.83453276665537,128.31474369333966,284.91557396727063,56471.80948407798,2242.21515169818,17123.74195754585,1224.532373447187,1420.6650355397662,1305.1879813694725,2380.836270455122,773.8743034069186,239.70339923636558
25-01-2022,36385.15844860688,345.51353514553296,178.60102907695813,420.12306280900737,80137.05533821914,2644.012029563425,28735.52061997796,1858.8042265058739,1955.6490177112184,1427.9489639205913,3185.161141226754,873.7191227842776,297.71983566205745
26-01-2022,46168.91858485349,146.50905304153142,175.75598234475572,267.43638115563607,53644.30675464893,1926.3097498088807,16139.625164237488,1277.2965750278483,1234.8581431858609,1529.7881387783389,2500.106156591868,599.6189285977963,188.147810124954
27-01-2022,26756.873749744744,190.4025724705652,166.31222250010273,346.98323145875634,60759.98559543315,1801.4111942241275,21415.08180512725,1911.4243644765063,1451.6606644299477,1192.7375039925353,3242.7910827998935,988.4565825569301,300.8529316660893
28-01-2022,22057.41045728083,222.64207697784084,133.3979964212395,246.56321532709964,50779.34554706622,1784.2740332060268,16482.91298201206,1367.3572289857077,1020.174861693886,683.5015213672915,2752.172909832315,1243.4885612766702,234.22445468163664
29-01-2022,19214.103304052933,140.59920113813203,95.38287889215411,214.981073004518,45928.95873633539,1325.803443849609,14326.314172126577,1224.1559305650956,820.3744967826016,428.0350008408156,2625.5526778137214,969.578482997305,172.64727143622832
30-01-2022,14178.65023162196,140.51729246360668,79.60819959597569,172.22776020699024,34858.71652378658,1077.4370294609516,10742.621684922015,784.1567665908237,607.1226169946909,427.27609231622176,2292.7387513174085,998.8721651348017,135.75362096447287
31-01-2022,11807.185113633108,121.67477918687209,85.8504560035436,169.64047686213505,30309.259657797887,809.7132939460264,8937.393969826124,757.782272519747,605.5671917940992,324.44235199976777,2120.8002711205067,1002.0511419272555,119.69364259862152
01-02-2022,17731.563487283976,188.68636269292253,112.43568752063437,187.580811939133,37880.0653034798,1183.9780703226877,13818.587053759966,826.6114019036321,943.0686622311251,624.1409389893058,2593.396517119971,1142.3961016932722,145.1071373734091
02-02-2022,17109.120250158987,201.19895396225334,126.96045308013052,177.56221192709626,36738.926224110524,1147.8317305095165,13176.431108286675,832.590046867805,897.937499674754,450.4253447042906,2553.5439093620844,677.4550598283621,148.1488039108288
03-02-2022,16709.908527231106,155.70380061764374,110.54232901974049,208.76110760268318,38064.75193015537,944.3608289735807,13860.391591281128,741.5207774342103,981.0921961154817,521.2317593834936,2495.3427558027206,613.0984186539005,146.13756539265694
04-02-2022,16136.299994837618,145.05288276761064,95.48741769783354,182.04465041984815,36776.10183100063,932.8456223237837,21844.552552403344,718.5795294461439,747.0762845884506,494.5236482954732,2386.6612765350887,617.9585159327781,97.67784143301802
05-02-2022,25347.215343882504,206.97502631835536,177.20426354512745,304.25226353968566,50685.76056236626,1434.0808642679704,18766.789788281058,856.2512574266741,936.0973748445774,595.399581476831,2909.130867786094,717.0020922514741,152.00960775906748
06-02-2022,16752.051696248553,223.3551859222134,125.92614746450899,266.0199584903093,43588.245322142844,1707.2437795271208,13036.212065007108,840.2348594229005,1078.4801251055314,617.4891727566446,2530.469004389346,1290.3876633091854,236.7043368273558
07-02-2022,13206.494654908047,139.77628546359188,94.93988274721924,212.23770378761284,33266.025688037,1145.2783031898243,9025.772577382162,653.8457811090211,669.1799738590843,672.6691382773977,1777.8111388311545,1200.152174866891,141.8848645938218
08-02-2022,24171.856714475758,338.10974758413573,140.2871419721647,378.7722832101117,54365.206254775774,1484.5069140559335,14427.98372788122,1830.3707007770874,1094.3079988477252,1551.9290880378842,4986.719034923663,976.506671094946,222.03915025866937
09-02-2022,29024.977264932135,298.06007781869664,143.99785190044312,362.67813729224633,60947.74399219939,1901.1359642019,16856.365272811356,1536.4469735007526,1178.0725792525639,1056.9825701236207,6887.902807173895,1172.7763662731725,233.71688208267517
10-02-2022,19780.565063098922,203.74537937944035,113.8305379444266,247.69734473386796,46432.18964058866,1364.3781473167737,14005.36149644425,1296.1366074633565,727.651466613877,833.7387524035298,4535.6213900793,846.6889245037844,136.4726518130781
11-02-2022,27877.61843398099,217.94692414844442,138.23220556138142,296.62522631419836,59989.47776937027,1618.182595828822,18990.367974117948,1482.2026363546381,1058.6766850210963,849.2705066727037,3983.0783103319577,925.2327427589195,176.3533399828889
12-02-2022,23279.080009724992,159.48791951773322,115.0856438328978,270.4800473462508,51966.81295719449,1177.7666245480516,16560.032290708168,1382.2711601680337,992.2048064227159,670.5505722866047,3708.7160056494395,697.365016332715,149.05341637267875
13-02-2022,15479.727288782782,118.67474192915803,106.37252696734322,232.68624467896356,39233.60334759663,1063.1152829592525,11367.427285455873,874.8251219279617,702.5830712979032,553.680888732146,3853.07302380769,753.5932898686142,103.67667297416679
14-02-2022,12146.42325139967,100.35615111160273,74.94818946602022,172.5101408843245,31004.58796023733,902.1710664918171,9020.562479291342,644.2277533628993,520.3207600056093,1231.4145426713285,3085.1760440806015,448.1406783641249,74.24194555166893
15-02-2022,18090.873762822775,103.15599753266483,87.51051883736491,216.4567992731942,38881.80950444803,494.8131790091319,12117.644856003006,905.5009903177937,605.8600127828761,713.209878467042,3147.538928000717,614.2740949110718,93.13160687199242
16-02-2022,19801.081788555755,144.84765646480818,125.51165264235408,211.61934303575563,42565.81914254067,2097.1971417202258,14189.484930460047,1060.1129242822237,648.6610438032803,588.7798023578908,3043.8297893635677,782.599988220724,96.75854893918093
17-02-2022,16847.003857433498,162.316059798238,109.346495164089,212.261112778005,38282.719860162404,1325.4574327809157,13120.593628157278,1031.1048028849593,651.2281085882291,467.0636988806109,2930.8453298035797,774.637515921499,110.30723902217353
18-02-2022,22270.6646154777,143.76459173775672,114.74149596884925,275.42389155280546,46341.54331771934,1129.7229776152853,16242.83636609567,962.0054681354367,729.682828076446,637.1951145822377,3303.7708678447752,759.6340438137247,118.36781091763113
19-02-2022,20130.002755177866,278.75673569094437,111.31429784019966,246.30212830511817,40751.384129858554,388.2661189802499,16064.04533956507,871.1594584942768,662.0620964864421,469.16499070093425,3429.75225087647,588.390503678428,101.23110683526515
20-02-2022,11735.18383817719,320.4909286926976,119.92100096436857,178.40194732878976,28774.290103614236,938.0664242155038,9956.229564570753,625.8295772077443,431.24807728742775,531.0051800504978,4253.979000495266,450.2797257325107,74.0848722563196
21-02-2022,15998.424231017674,226.95530962626088,103.77795331896814,251.20534975799558,34349.09321563273,1148.0158121110637,12215.462928563446,754.141140614368,654.2378211593908,430.70912798037205,3922.5167175710244,575.9843155991832,101.16940858033803
22-02-2022,25174.914104163367,219.84853199416193,135.07139736900183,350.27442159970565,51529.444154032084,1618.7388588180538,19206.327576145522,1238.0575752942054,939.6919933548202,744.0280943775131,4439.011970562481,932.1090872332218,147.56920898870186
23-02-2022,22212.181617200244,204.9678757783526,113.95067077485903,298.5136243951008,46543.37187652937,1611.5788927079134,16856.627508447924,1069.2529698415528,823.7570489395146,578.5148085592621,4599.4347263724385,849.4839564217688,120.0197121352844
24-02-2022,18507.85146785067,156.26830507420203,85.53184024454337,270.2864553755964,42296.97402044837,1287.048726698975,13713.218952651205,1157.6375112279502,918.4066073870813,524.7457199000756,3840.8390436681925,781.7616981608238,94.93216971886868
25-02-2022,40839.699480891286,320.69569772649726,153.09598832434907,567.9677519031627,82085.17675029387,2319.428614462771,30992.409365835472,1990.6454650181745,1685.4196807506614,1555.5003890762396,5932.775744138649,1237.39749249126,225.6655094799016
26-02-2022,22579.249141515378,167.61927440524192,96.25782418042198,294.62494689455326,51572.33744200359,1248.8363107448276,17751.279835572117,1238.0214618188525,902.4364247650346,633.2644286761099,4633.609414809206,846.7759330707671,129.4183057746355
27-02-2022,14568.20129474542,125.97428746945135,84.05506206472397,232.06959625768837,36450.97575751074,1034.7467805093409,11984.293384913608,791.8041147104989,1059.4465874252287,425.389398900253,4076.260609607936,568.7781339700498,97.54188768638356
28-02-2022,19424.397945619603,339.4813675230109,86.90417282059242,248.84047065850442,43608.43945652026,1258.2674711888308,17309.81925470233,856.6226407048989,987.1262577958626,821.3889569395983,3731.2150351125415,691.5505342158766,162.70681207050183
01-03-2022,30634.280854538327,341.52973394841433,119.93903625618783,357.48850526535426,58228.89934940055,1540.1893778998697,19832.961026345816,1105.856067270133,1335.7771084068086,647.5654724098691,4355.925146495378,773.8901631736278,135.14192055215412
02-03-2022,27880.763034093914,267.93694859001204,118.91361086471453,376.7439240545017,59260.916136981316,2509.0072926826483,19012.291817365407,1249.6406257949536,1246.7865559126437,663.0178289212047,3831.1875279892242,1110.5038541107565,162.10341199415174
03-03-2022,25615.956856402747,202.7667771092666,117.93293266659161,308.9600866746726,54698.413126262974,1535.3993595437255,17023.997910606857,1158.326815658124,841.5578553766359,551.2428765652119,3145.198651708127,897.1340396321316,170.09845495884505
04-03-2022,22366.18412890048,146.60610028905657,125.83553523469281,540.2509631923958,48949.39477617179,876.4301778011238,13786.702924254956,1231.738105296266,793.3037616996991,453.45436724495204,3246.27625846261,691.467989754297,104.42056718409421
05-03-2022,25121.267305979287,150.91197245021883,158.44456598900578,378.34085956597744,55857.40653994197,1412.9895094984322,15538.211354189481,1247.749647419925,814.2241079201245,570.639214497466,3340.3592166698418,587.4072366559014,103.91521628981096
06-03-2022,14818.212144749967,111.64272649075087,95.46099285634291,235.0222762103758,40346.64867951757,1178.99537037429,8652.61072943743,972.4418832406133,611.7173959555771,357.6999606239822,3644.2105696312237,371.69694666723973,78.18087137343512
07-03-2022,16995.562040606797,126.57280195996918,155.1835770520495,230.04212134580365,40268.847176724266,1181.8718697686916,9377.48837470222,957.9045241078164,583.1431376472855,450.121950994366,3212.597507684128,341.90558045433187,104.50377018408547
08-03-2022,24596.395439058964,163.55854198425993,117.5026026875309,321.46058919326794,53909.005589538516,1813.9861327580984,15295.19006857191,1242.025025134206,738.2840016916823,508.1187039495171,4149.9735665297185,478.99948653062273,127.71804416820245
09-03-2022,22556.397749428084,167.04318494718586,309.8932962507576,255.4481663821092,51012.47750271424,1436.5157844588243,14681.251925804962,1181.1520352304403,683.7679940548118,552.5201911276314,3407.1513296439953,370.9109205984664,149.85694556198035
10-03-2022,29211.702119448604,196.49560710922634,453.29881217346104,321.42439275304065,54786.660759046026,1804.5248534562243,15208.159162669768,1283.9410216589743,692.8675213571929,557.0972065365396,3989.1462245449607,419.2746975688432,144.00354731527185
11-03-2022,27653.45521904128,164.76025156611414,231.5418041715774,284.3585511197338,54043.62474765513,1594.8852573842896,13843.64377745127,1201.6164353991746,601.1798167222946,602.381396950186,3914.1958389859683,350.56294094391063,123.86447140865097
12-03-2022,23624.165274522384,153.85440074473712,187.96431720598423,232.48962836091636,47548.00312811574,1295.143505749849,12313.723771430836,757.3808122692541,907.0000233657291,425.74673161398437,4887.949135758495,293.27425735129617,92.01878503659374
13-03-2022,12440.82665384724,110.64768917694634,216.34764255107387,158.73969389166663,29810.71866711524,964.5080183086361,6288.630630865574,401.7713188311879,700.1106045677758,262.48796367198725,5030.802269117741,193.65886684877583,58.444695071323096
14-03-2022,14461.647575513742,101.92440069666796,227.34170469579104,193.9261428991943,32010.808554124604,376.1500735854782,8570.037700961715,361.6689112199396,466.8368669741611,370.7014365640569,3630.836811535966,355.811640940457,60.265481092532745
15-03-2022,21250.969229221595,127.33405313374445,182.57466652063115,226.34721695833633,41243.56948033183,1212.2405851055382,10951.215810637652,615.5292276979487,513.9607922023474,749.5573404738561,3789.86666484478,300.35450145842793,97.27914839527111
16-03-2022,20768.829817938637,123.83992333120614,212.8722680282607,206.98586115920068,41933.11235822615,1137.0291148387298,12439.580087508199,538.1987543569371,483.16718441158474,404.8550732737245,3438.081456373995,258.11062860966,88.4063343094796
17-03-2022,34974.20346876627,195.34574094933137,245.65161618500164,298.3633681503691,58480.67320128226,1510.1854273732588,19785.262485166782,682.4299840186296,863.021898944217,454.0623627826117,4063.5972984246237,1191.9115969011905,136.98675491747994
18-03-2022,18861.644942593346,151.67339435907905,150.80262133050985,207.38994733769607,41525.70484659936,1283.779184118896,12593.189074637097,535.8537245810726,572.9001347396763,345.8927894066368,3505.833298610652,991.7466132679407,131.71579770835862
19-03-2022,30316.12816648974,173.55079669008273,173.41747153759925,174.24418428133188,47704.99118776158,1348.7436666484984,14540.256794800895,540.8569444361957,538.4218690531886,360.2127180066223,3518.410195619233,649.4841704514178,132.77377789631
20-03-2022,16580.741571959858,240.10837014121893,207.24832179886354,215.0212019456669,41718.33815179512,942.6888980845921,10359.721811614829,526.7733332423201,599.1353650360895,545.2296958419479,3627.4612592091394,599.8017537534182,125.7472115101121
21-03-2022,16856.192301960054,153.39047448299476,191.078379227734,234.33400552583666,41659.82861101242,1089.5932679744828,11304.953073460001,428.9218947020108,489.0262789227384,380.99892362626747,2799.6601546838842,362.5706891118972,149.58216061790554
22-03-2022,21335.882483315796,176.21531393668678,169.51241708062804,226.7216691817501,48077.0402416498,1117.9521500327205,13890.72905880007,467.9159518492635,510.29779181672853,356.39194179209454,3677.001141019201,410.207621270701,129.33983084489628
23-03-2022,28688.623151357097,235.8688598862974,151.47187074107663,283.248454362007,54922.19356553534,1410.1348358988323,15671.928047784339,584.4279136152101,858.7650120841838,468.36580174286,3549.893085552186,413.06031837678796,151.92223881727335
24-03-2022,21851.891598642385,176.50024280752154,121.55682590558676,310.77636741243487,49806.641102023576,1359.5894920039977,14257.14398639263,581.0865179224324,950.162625406149,763.3884413232628,3256.6201361043563,680.3818149033995,182.45158811739253
25-03-2022,26212.783703864425,248.53431708586956,161.90080312971583,324.1844815561774,57449.889702645705,1414.9045271329824,16202.188701767122,772.8194886370896,871.0151267953657,1502.3778995071546,2788.82489143428,992.8020652759836,154.5063206621781
26-03-2022,26147.75610807925,241.6826079178862,155.83005429363033,296.4713116830764,54358.88201615232,1382.6652321999316,15532.463157187362,699.0446684753135,706.9994836571166,843.5024886271193,1983.331996348293,700.6628989668394,220.71366822421297
27-03-2022,13676.534294229203,131.33647991339953,145.4213424814019,474.4984670935075,33541.378468563016,810.5395229863377,7615.867102157496,434.04721003797215,424.5875210171155,679.9060925425213,1421.4600603801568,301.09710563309693,105.39406699371216
28-03-2022,22545.392529673918,211.62509450361975,167.37746003514567,2140.858187086856,47314.34545872175,1228.5133743778085,11980.084883788644,575.4557947059026,610.9871772090095,1361.7511986091217,1855.2957288144587,493.6300080895804,225.9513677655488
29-03-2022,30051.327357066642,276.939594787252,201.82198371932782,1342.9833016914342,68760.23198886754,1785.4521048351496,18514.22535060662,795.3081465691124,1042.448625984414,1362.0895648119006,3277.202257529429,709.852661804594,376.79673178812305
30-03-2022,26128.040680825663,292.0370600525693,182.1455620862789,596.6544515544692,64361.34639319457,1642.982250936633,17936.369661586556,772.3810371455355,982.2881221198189,915.0701918107778,2363.2566784533124,642.6293408979163,396.4400378343045
31-03-2022,24497.24830634691,341.39490258277306,172.34550400144076,1882.6532947083767,63808.61429702513,1873.6652982904177,14183.4686376598,769.1737193750809,926.6469203787512,1429.100276602867,2300.476564646557,643.251384979681,393.12490925889864
01-04-2022,27736.46964553726,411.8073532931195,169.29882723581505,1124.9788156380293,71216.39892778794,1862.5211878113405,16222.256121186861,859.1329312180719,986.4194119764845,1171.644436358527,2910.917620602431,1073.0267282462025,628.1754668577286
02-04-2022,32948.605532135276,317.2028082944474,197.77814672162634,771.6763545433539,75778.7126201088,2415.807550643166,19701.11686513708,815.818644706202,958.7486649312756,864.4351795589623,2553.5086557091336,711.6976256884394,385.845082944247
03-04-2022,24803.83725976474,325.15286524630676,158.4840203595234,497.67722183794245,64785.681630306615,1719.409479349891,22091.140764533768,675.5384799748997,1196.9929579850525,669.8463295030069,2067.1650789801274,775.2092377489802,318.87885498218265
04-04-2022,21510.196790303453,255.46405099341493,137.38308012636116,416.31437832166284,54545.56903149016,1926.0517736496045,14019.82828140417,574.3754951458802,925.1701032173431,1083.2570191997527,1819.121861203156,498.9267103101369,194.83345673423617
05-04-2022,28019.30965072574,298.104491495006,166.87766958800805,456.5264692359899,65141.274081000105,2040.6401675667219,16925.919013954466,600.7839776738241,924.3486374240115,2197.7890737719113,2337.211874359288,542.585873763204,201.27464225918368
06-04-2022,25474.06386160569,198.45484653311127,210.90025954463536,346.5562626063304,59834.020421380024,2111.671411185174,15114.055501978979,545.5582244056574,780.4855139069963,4812.898159279699,2017.7468028206338,417.87709503356587,142.33962194177394
07-04-2022,34113.818641775746,259.628205591478,247.6931474011948,542.59006849733,79495.70948520483,2227.80426208252,26109.76333473009,812.9528291569573,967.3179265029364,3516.150438685102,3043.359043011921,693.4844088151837,243.08854022292232
08-04-2022,22960.138784304127,173.24657147927883,236.96220268421007,377.0709197726787,56302.45009123148,1902.4192756903815,16149.775914530877,619.7236301405983,669.7342545340466,1288.3475357744144,2580.151283399397,366.3249194776998,116.48128458197014
09-04-2022,24202.906401166885,170.60523263379653,225.87395738531444,344.0661393597798,58600.55939798763,1895.9648025659817,17523.939555353263,556.0740789112198,624.5978274739991,1515.264410304273,2728.01412105299,312.0398172549901,130.9765174315334
10-04-2022,13949.5353115313,141.3302299242992,403.42451557483156,233.8919650918448,37078.489713303,1312.4910968495578,9316.76984373387,379.3345589867199,375.84757166456023,661.7184154552729,2248.5385617904735,206.26342173554536,83.36442299409468
11-04-2022,14936.318818778025,129.2324149512022,307.08304320008955,223.13926883671797,37485.416838872006,1230.6418418784754,10005.373137102017,328.8639377126543,458.9284084588878,1856.6588665016725,2353.5433951507243,188.242987893223,76.68910412986297
12-04-2022,30168.66507821043,196.40182344663893,431.12017300252205,387.1650808728317,64848.734795277465,2139.7686562142826,21142.997359759178,601.1665984617439,807.9664520830128,1415.5246592257547,3463.223949784271,317.676614031624,144.65617645578155
13-04-2022,27804.69493548352,154.4545540060409,536.6031739943605,354.6024892430549,62450.04440359643,1974.498684823981,18977.679663550363,773.1822428669391,610.6717822777971,1137.7825888216175,2991.917530642246,281.28210804931234,105.91002927754526
14-04-2022,25453.869985971854,173.47631745508858,252.1566831734799,301.9550518484633,52779.46462757896,1726.7559787743976,15452.91785524062,606.5779630209952,513.8785123955835,900.4979582487616,2962.354970672501,216.64407032602372,91.25173657840402
15-04-2022,22744.79214700975,241.7745056341256,184.00757069697107,375.2052597671457,48379.418415343986,637.5432829959954,15895.586504785799,583.2054630573411,531.7992927406566,1696.7691101696319,2957.491995833695,310.4213529744885,146.04052820578784
16-04-2022,22053.774554177293,212.7698737445336,165.98276913032035,213.53738452532775,39858.53232779374,1092.6561258656168,12543.243551278516,359.46803407453,417.4897228127524,1192.1274715748764,4005.9119386822836,194.83915673871084,96.40000990567643
17-04-2022,15777.789210238447,123.14847338237215,157.95137234507115,184.49751350931217,31915.932062307056,960.2555919764393,9063.939048316748,264.67466627823427,338.97068295782435,659.5263857512393,2670.4500100769283,208.559637088955,63.01310497525073
18-04-2022,16627.779441567647,108.72893205616748,135.36137084058316,195.23820295684607,35874.45621782452,887.3151026807246,9543.306566221929,282.7717957496737,360.27119825218637,684.2155399295918,2325.3913228994356,170.45587484374494,121.32192887558566
19-04-2022,30617.0393999801,190.254311910271,392.0043305328081,284.2412909231179,62683.46075404553,1663.4050066422667,18188.817400079115,643.8205614004906,565.6243039900763,902.1244039380971,3253.7289690565476,298.32558513899164,177.18839986822357
20-04-2022,22717.772925289573,184.91757547011477,281.8827439434172,257.17355430078993,52203.85729540233,1684.3446178329714,13472.639207148006,517.2285198087365,450.5247836556457,711.538762192735,2955.7541873716877,595.9107803830741,131.63003645177469
21-04-2022,24937.668255073462,228.78682619602736,324.74415989948164,319.8341760608826,58792.09490472536,2041.4475977314598,15155.965878384497,546.0463664115621,681.7064721225206,998.3831441761781,2968.2569675827117,574.016724459408,294.77419070608727
22-04-2022,32131.22061555018,269.6222595924971,473.27713760978725,336.4226230825454,68187.50263560361,1987.149683780142,20529.419340296412,602.0802188092346,610.473534433647,736.2415681744675,3087.1615975612162,371.55416531078146,367.92534070217806
23-04-2022,46022.06301895215,235.3870036082136,315.32966433298986,240.72037070380335,55616.984621238465,1856.6962922618984,16155.619718968117,1135.7202720759487,500.4187414542333,507.8684941894307,2970.393681886411,269.28530136273207,376.50761952100027
24-04-2022,15010.797471968071,198.5524735170905,205.40021898020657,192.0872996272028,35138.28420369233,857.9434015593832,8633.20395782989,451.2995362186927,501.125213424789,340.03120059491147,2370.632000882747,189.23612797956088,147.12292787423334
25-04-2022,16778.683767597217,146.6779890901207,192.60800588308115,161.00038377559653,35477.15159479548,1105.8693876978634,9196.851418265764,379.225603114113,431.28028852969055,420.6025843473294,2137.8951205772305,254.98101896702684,156.05773647793075
26-04-2022,32883.64591396472,187.1171869427658,273.58786895521706,302.0109575842276,66371.72290484553,1913.3072338091279,22037.54963879912,655.7483531022401,640.0294997165746,4527.900913174833,3506.8265516426577,437.27927625630724,169.93990112212143
27-04-2022,31053.018153386674,145.44170945052565,241.20095188665184,266.7291985532259,62432.56364481657,1075.3134042201038,17750.798288906208,532.3133394581906,608.182597014722,4019.2156729756366,3080.4523152575903,333.354336279014,168.17836452707823
28-04-2022,28170.490245865636,125.43452290553276,209.5874532999878,205.5609077115636,56020.75557075813,1395.3870383115418,17036.298768907473,478.6116775622,466.0169770009809,1661.3173028086132,2764.376399572286,252.9675136758216,148.05107645114995
29-04-2022,31484.57227103238,130.5436455100539,185.53282928151916,438.57257432553735,60407.70048992876,2003.2762317060096,18249.41092025178,421.89022914315655,469.83298898866826,1026.7880162304534,2514.2405051122064,269.48678286862753,138.76178232649883
30-04-2022,27758.348826409067,163.91797632224726,198.7302300490649,266.0708886712429,58256.03934206173,1914.6731204916348,17902.735173807156,590.8179013645763,447.85950300437446,1405.2547886529296,2822.1834315987157,321.2942850882921,163.07818072849685
01-05-2022,20955.78968535568,172.9279338320396,212.3131865392056,275.24111086080796,46803.4226971993,1369.4380951543453,12618.462103401343,527.470696872959,533.7681894936618,852.5977699959107,2317.4254810298394,335.3116924964532,182.5922268487634
02-05-2022,24857.664487014506,179.02608678471572,193.59772993852457,338.1868744982338,51024.532583465036,1747.2497416637166,14489.173444820097,687.1613576233088,566.7822826168377,923.5302491520077,2519.5024237075986,448.9284870242839,162.42326384344412
03-05-2022,29825.30856942226,137.40967682355813,202.9529747615225,274.2844476597204,54204.89947898498,1150.9138128750988,17701.813870710364,654.2142986506163,538.5765414047321,717.9640105500077,2835.5074972230245,348.81369730590075,125.50683292783671
04-05-2022,23070.122642328042,121.99528032948676,198.91817581791173,227.71774521987226,42588.77599010183,1231.2871450026062,12836.324477777216,490.3184898244876,375.5870768569146,515.5823005745336,2607.753844442983,384.7286967656468,119.75047142836259
05-05-2022,31748.901527205922,205.8618235495361,195.75017513997602,478.4422471850268,58210.50614283146,1688.0365650797028,17336.934449712644,668.8500152076501,604.5967163630756,761.0205466238396,3128.1107044090395,410.2456566366857,152.44802989898727
06-05-2022,37402.04336558407,213.33417789321706,216.35510687077752,442.97147484590363,69231.99189826894,2539.500897383408,20868.783132923207,638.3994662618634,770.3662703320502,1120.9152228812563,3128.274793044598,387.16359298610473,181.79604759184338
07-05-2022,32223.287014454003,215.15237803268863,189.26933586198365,308.8806893953416,62277.908159216255,1879.8090678329954,20516.541977493565,649.2160845257231,666.4200630669164,873.0923550140808,2951.9603075796335,292.96013417225095,137.50784462594694
08-05-2022,19130.72039498043,214.88050159788293,189.70049340517713,217.09151874466994,43766.71160974511,1484.6634292283075,12528.069434498928,529.7164556813023,435.89939753231937,713.0794098396207,2102.1703693648606,232.9383776281194,92.28863784659733
09-05-2022,30810.57650152256,187.04748456010006,262.9439782660767,249.719567121095,62841.9969071689,1768.0556830518701,20582.97318612796,484.3409459630214,587.559187923789,674.3696040562446,2376.686424225748,340.830216379738,106.39497739101752
10-05-2022,58369.92859432747,300.45451005086795,259.7543396967193,435.8635977121134,103063.94370714837,3164.346808261889,34392.685561846505,966.588420180273,1221.147645002189,1201.7782229297488,3820.4252169702213,482.5010475334908,255.45258866757533
11-05-2022,54071.36321008785,300.25320150196444,275.8988819354211,516.5319556663425,112588.6311177101,4423.139725452737,36844.564808016556,1523.4275852223043,1373.396700039549,1520.357821446496,4449.610449600163,537.828155086329,353.8721066784193
12-05-2022,65985.70270150492,418.46114583303205,298.21561635727386,633.1153061046235,149603.76441963887,2297.6894965699926,46548.00961149195,1869.3536570249134,2052.805582575399,2304.138532447931,5654.427177473947,815.4891241283063,447.1790602669655
13-05-2022,61338.08028357989,291.6920437547395,283.53502550708737,524.0056386374296,132259.30833714516,5267.479590191646,41621.73332715891,1123.279236953845,1330.8609936132805,2076.228998797279,5171.860945698973,691.1417423200841,253.70897895822338
14-05-2022,71541.69692439926,176.47988151784236,154.40906238232336,356.0928742458109,75813.49955586332,2677.4550454571827,23979.529161232746,865.4649603947297,1485.1016699979768,1164.59218251697,20446.9599104838,821.387563335985,232.87250561682433
15-05-2022,25759.546763688617,153.55776347419427,131.1327505189499,274.1228062420099,54179.10873314907,1555.815081067778,14395.772634811949,568.6031507236119,1032.8864236067918,669.7639015580362,3004.143500290736,759.123956069903,157.8266134169366
16-05-2022,22948.12370417267,141.91247789259572,164.77873910442335,206.4901388903306,48374.79202886813,1727.8055391303712,14395.455889043333,459.8565418717603,737.1420464429593,523.8509172153836,2107.871027003569,391.21439223093955,108.49848060282021
17-05-2022,28418.179221125334,141.2092990171937,160.38831945727404,217.07092260573825,58842.890813476,1684.110716251434,20068.743681952048,525.6390507279157,679.0483850595917,542.8943767900797,2480.1764316243025,314.8195826540992,104.26490802343193
18-05-2022,24964.70322357502,145.86980769043342,151.1286050493956,180.99964133014953,48961.06170336771,1584.146318300808,17005.002529405003,571.4464829025509,589.3275124078905,534.2080596922679,2261.832657618025,263.9396188605849,133.5752182440719
19-05-2022,26219.43116524182,126.66641253239416,130.28470607157297,167.65583864059332,47953.13780273315,1487.6847383119953,15892.119501206236,466.9573555967588,664.9940469796052,440.6193701333325,2023.40767591126,275.33929736889064,97.00169559976156
20-05-2022,29190.056577430663,136.71978305882595,145.3282554570439,194.27061440448404,51671.11589979257,1444.1862021248185,17828.306698714794,525.5685439346489,664.760747256002,498.19265968762585,2149.7852351761376,378.02347237855855,110.92486146068896
21-05-2022,25980.877919568087,146.06562623914576,217.9094766454436,176.45917565509015,47031.19364586664,1752.1200307295442,14638.100162773735,379.5787564770032,474.1182522812381,404.78003695007163,2246.7306088392916,395.2872008637181,85.44430209020294
22-05-2022,13561.006428368963,103.4379750501693,137.2875091070553,137.15807115069796,29398.599782780868,1312.2606453703418,7551.508571492984,247.6348453733054,281.87413758772743,255.27802895808344,1374.886935528266,231.11745469569027,86.28997168589002
23-05-2022,17199.93015480102,109.06271826581852,124.48555310197779,177.89751736144768,33846.70161460104,1764.07409306145,9623.17452773804,289.040355838424,350.96743647877895,361.0980762145224,1421.1213189561877,313.2288430506289,94.60177835747142
24-05-2022,26646.75432471057,184.248874317606,253.76426260710338,251.10060086194568,48656.26821031229,2205.3187187189587,14627.31115792938,437.05665281233837,666.6194866452429,455.1724463073571,1813.039685088817,382.229501216229,199.9974226148077
25-05-2022,23486.436836560508,165.67509831074483,197.6730074247241,187.0395059659048,42574.39154736637,2193.7901757620343,12880.481567942186,425.16129161285596,446.6444940847582,348.9460280136624,1706.9803886999453,262.64880738134985,183.93624128679886
26-05-2022,23108.764916206597,141.05219562278108,224.7065741573706,193.13295766515313,41044.607104102906,2048.5221778231903,12554.611854439223,355.95126155142157,401.05879122592467,340.0990566201669,2015.8437642379486,469.3067905501142,179.1068575773519
27-05-2022,31972.044691709656,175.34801558136056,210.422377918817,251.79392226084067,58941.772868091684,2808.2821944732705,22669.347246961388,559.3245258005664,676.4962240061575,549.1910291169037,2485.081450728108,957.3029236545223,155.1843273192698
28-05-2022,31756.305901005537,181.37427408139843,182.9219981534424,236.89010005481944,59487.875388236076,2660.229690809859,24344.53594891357,502.3146017585278,895.0690852552017,1037.5459583133697,2324.419767860538,485.16025034664244,145.71092634286072
29-05-2022,15406.515372711676,102.21039818530161,112.10122501045379,145.60781027917227,32984.79777058989,1358.4885219324367,12004.308559066863,269.13065643375785,384.3806326241109,409.23581475087275,1163.5799678643862,242.55057242286318,92.84177573016753
30-05-2022,14496.111397934435,92.44451651259902,135.66188656856124,129.66164308259803,25621.699607250383,1027.383625450085,9767.849361351788,244.8725189790394,362.4255957607218,299.56355125899006,947.6449802610089,196.6705233842737,82.3120922870279
31-05-2022,34891.305294623,150.48545908361638,229.41195945539923,197.49415738983808,57255.328109997325,1711.355389025887,18803.01695009315,416.0500965101413,522.5961828848118,578.3460290502081,1445.550917889458,393.410267494201,116.10384279361155
01-06-2022,29770.567353488135,143.07929972859225,230.62426472850967,253.83495623751725,49972.01653931704,1758.873055136742,17409.07601107384,475.8911350627267,537.5253669990508,617.94208481842,1735.3575295898668,505.3921846139798,230.3414266557373
02-06-2022,35553.330791535656,138.34296554125817,196.88139281067197,216.069681034407,54691.364502289034,1797.0668006735596,19904.83172600975,426.4074841471347,582.9147584441549,721.6947834081319,1522.3491741251605,336.27316006839214,178.89877602828548
03-06-2022,24232.399986261145,110.77495514161677,159.7688910372915,154.8574910901579,36976.44403334675,1137.0585185689042,16444.980823786707,336.8025267264602,428.34629965681296,379.73480964686115,1302.6783757464875,220.47826297088477,125.82772296796215
04-06-2022,21997.85959066833,88.55785055571747,135.62613577916204,131.71790091547348,32247.51160647027,1039.5011098270313,15012.416794069233,259.20684381646714,344.5773331850279,341.181329003519,1275.8949445520407,195.3569734314309,90.98630859594252
05-06-2022,12911.383481843808,80.43327665345566,77.11834350884652,107.94797495398727,20408.536351025272,802.3910516250656,8295.91240290654,170.9806022250356,229.5544771705427,283.62229833735,683.4471465940696,150.55940333027064,88.92913759824336
06-06-2022,13395.229055412352,79.83616800690592,97.33083058917886,105.03301481659565,20339.048017316334,699.650522173192,8385.254999857007,179.27624060877693,200.1161893231888,250.85898344583407,705.3912739767989,128.33839021190713,72.74218838623626
07-06-2022,27644.798123298184,109.53429027984285,115.5385704897676,158.50288647239253,38813.14470948214,1554.3882723716736,16623.006597793545,356.46681670319373,353.03822304368776,462.664806183012,1246.532475320551,254.6325953676474,102.10443289347216
08-06-2022,36111.32550804181,143.87795166164537,119.18262932453722,164.62940344623001,52407.1692657973,1918.2056582404757,23647.547692445885,317.98534587844375,360.6352125797018,444.52689175021794,1656.469090686715,238.7165457375237,103.78155405077798
09-06-2022,27080.284928564884,111.65541675302458,91.05745587093121,119.75125062454204,40758.288442055185,1035.85184861637,17712.874976607396,288.84612808268486,272.54574063175954,301.5219793944956,1189.9016984859857,160.96301055546633,71.03656451792403
10-06-2022,18871.591862340334,88.90007986794302,79.8718198574533,226.69046348548633,27684.871362012294,678.0104748814148,10469.080004414614,265.65750079278354,303.95250811746195,266.0949862623978,968.1806326239969,144.08004459768884,58.44522167338305
11-06-2022,25663.085729428833,96.81830165469492,139.72606509531235,164.92488666101403,36433.993612708044,1297.530974575433,17639.990086322327,438.2021381325903,389.9595534516226,386.3218023261213,1394.6255518777136,195.7270109987705,76.05125111633815
12-06-2022,22518.366769839093,102.73925953982706,109.15841819610183,148.56345146614856,36455.42734593367,1258.736549364275,20409.4286479328,342.61238107201564,380.9227830963164,415.7429273265015,1084.5916503200622,244.023790525567,97.60919964460506
13-06-2022,29834.061115624612,105.13409276852796,131.4251650392823,172.52522113372646,45470.53995797197,1355.3383786604998,22843.765038754616,366.9433652559312,458.1337438870508,603.1948817276112,1333.6569258682264,302.89812614086657,113.40497991313175
14-06-2022,64852.52617938283,161.57271391440386,184.06045986083814,302.8901649319918,97670.5123892243,2566.3262223201045,47571.73302700858,739.6061348655593,894.6123419765084,1229.5014583007965,2571.8891164250913,510.50022456191965,153.1223389567535
15-06-2022,47639.47096789143,123.49561689617488,171.35876270363286,217.74792292063876,77729.84001258227,2147.4101410655035,32772.24692705907,570.4634693890183,720.8646974473226,751.863076932698,2039.0110898863054,452.4486450989641,98.76504395566572
16-06-2022,52027.21144651121,162.5793567088333,170.78292759003494,245.93887352426688,85953.58653611924,2302.5922529958107,39679.81034468712,640.3452957672993,914.9203638200166,1008.5398199711765,2286.4983420860344,450.1727558529319,107.17466915496063
17-06-2022,27449.27794559262,124.63992295468371,100.92904646168785,166.49106564793976,50448.02370366962,831.98846692497,18016.510161232018,400.97042973951767,536.0500869674976,648.4361790980239,1488.8901807566842,280.578687313538,65.49605128902502
18-06-2022,24232.922585240158,85.86292630287446,101.79486270050604,106.86210830020211,43923.972966941474,1061.1440476324333,14067.259810778109,271.20280250316785,358.9604908294395,335.465656553072,1375.0806587516051,190.77951621002777,58.409006856945176
19-06-2022,38920.6325241614,118.44960107982692,114.0912134553494,194.5384090367504,59241.58850351869,1549.8115446982752,21112.67062339463,463.03696871309813,478.1293596275283,579.0050928133309,1397.7571038555964,227.89060674407236,86.68283036681842
20-06-2022,32488.136325883086,119.43613661716111,96.45684626272852,158.0834226684952,55314.26686793907,1313.7663227241383,21676.867429837548,441.7998860746023,413.6275728865504,1109.6131958157862,1149.0066594837724,241.91575295513405,82.63687886812444
21-06-2022,28346.447996779847,125.2061650984725,84.16182958657167,147.44191866302012,48000.73829993779,1134.8568047704136,19817.753726316405,458.9284303042351,409.75460391061847,436.4686800331406,1155.2284104452622,227.57501027482184,106.13450867375761
22-06-2022,25340.643362789,176.54288957881596,90.70398691703224,164.7696435388124,44528.68837755739,1131.7444119120396,14838.197887543183,539.3664864571538,355.53811164542515,955.9774094758974,1204.9009802904764,276.07839200987047,107.4608901091142
23-06-2022,24955.466738110856,247.99740992539543,63.468680252903994,122.18982332386355,41441.87347093056,733.2341406354548,14331.217471338781,676.6719155650559,337.5288163887432,556.9632916014608,1034.2248123256222,367.5086695169501,103.76656741478052
24-06-2022,23655.104386978517,191.9556380092547,60.93749527275441,130.44057695813072,43868.69124277724,1129.7885463309674,14247.953151150192,1281.55927680586,366.09068492139625,380.40894482205266,930.2147754482028,323.8505842605221,74.33739272093308
25-06-2022,21955.656695748723,157.0502252152059,74.24011884138625,155.39792483142202,39867.28434263236,1226.2042671183867,16288.488163424996,1049.0812674558551,425.78714360794686,457.2092142586788,2203.5913412461423,355.4486273155275,77.2906353954554
26-06-2022,16152.442749306296,110.46224136716096,57.40043036096698,129.693585777977,31310.349043248236,855.2041337155405,11692.717741724768,598.4711489516607,305.77533779692845,376.95533084722797,839.5526621340763,603.0250673012918,62.45488409578465
27-06-2022,15392.697878417652,137.4194033474657,68.04216716885058,127.6820122403974,29655.045289054757,880.0826433862613,11375.746747404723,459.3257780432722,252.5635786190557,805.4995687598913,728.8762012695983,458.248820262799,57.805000711677074
28-06-2022,17719.0112879831,118.7818356239902,75.65626094308664,120.26973871862003,46386.542636136146,565.7965902274102,12044.359298246725,605.919650649105,319.31861545482195,879.0673025044637,962.8467509298605,331.8088656546916,44.77069990264477
29-06-2022,18161.209601432372,110.94860583787496,69.77380286940522,128.99502632987154,48991.69177160869,1058.5537539259042,13181.896477373173,705.6160505882895,402.81695771528274,472.83570538681624,1017.6484808788854,321.0147108188654,45.18863047727385
30-06-2022,20744.33350735517,136.0881302007749,82.2983439421731,135.1998449533385,53912.47502856742,790.3681427942028,14755.440934326209,1005.5004388195794,502.77611796970075,527.5794776259488,1084.3258306370008,332.3888084952928,50.15347749978173
01-07-2022,22816.515394911003,146.68475541774248,73.60690727471382,125.20457868070025,55599.294671525146,1078.6127552841199,15402.670572444009,920.4301420857765,496.0170303269717,493.0868953456614,1326.9452950085274,383.44063044802857,57.95433213907611
02-07-2022,28756.781114699897,121.09095369121864,67.97050620282276,126.12718623669684,63310.56939548477,1217.6487966612845,17420.13178773736,714.0404055955161,566.0204935375554,407.11043485256226,1234.242687662255,407.8470451774863,62.27528458468217
03-07-2022,15601.715000679424,109.16868000323014,68.47066967823876,81.92433824282567,37636.103657924476,578.1026876867995,9601.263305049064,464.1679925221518,311.0460602183726,304.9290874539466,564.9765604788862,176.36049377335962,51.153398504485516
04-07-2022,13976.969844332441,80.83985446775878,56.02233253322823,74.72949516927156,37816.57278986819,656.6500226504875,7939.419238560306,409.9512618561164,253.03293141663565,233.74502906366033,644.1340116950454,123.56115120590626,53.27200536360336
05-07-2022,18634.86004637241,85.316805363794,68.33624010517174,99.20599183607872,47779.83372351042,1010.7344284236898,13827.34251634925,443.25411483208035,382.16009117067796,319.01268300408225,936.2457763927474,408.71073039242907,66.1473036863508
06-07-2022,23623.27010554542,114.93960402607225,67.46609032118404,107.34229090847501,54410.348935165544,1153.5733970926128,15393.490017737788,889.4189977481468,557.2846933615872,342.3212550024212,1069.3901309545663,408.6128496215413,58.952402779403776
07-07-2022,21755.499642282823,119.46385288512046,107.11236686609763,124.45354184528291,51804.92079375628,1193.250829938432,14422.132961962863,684.2580593489171,428.66169532595325,339.24862854675814,1035.8731134054005,512.8811668923217,64.07876945669928
08-07-2022,21927.08750343376,115.10363185988163,83.3641406209073,100.7979055214957,46101.88505258206,1077.6489572462574,13170.522513182203,575.323586375147,465.48630262112835,361.760757232005,962.4566889760337,437.6266571799776,61.10191273953658
09-07-2022,46645.39890096298,136.98457437986977,79.25260030571849,117.51378500702518,66056.52201928479,1249.1642976971912,15346.6007023086,918.6173498710026,502.2965155576052,395.3591152679299,1477.9367298994962,388.4913374397427,58.202310981554504
10-07-2022,26211.58745178328,185.53091319583527,60.52818210791057,76.36282394097238,50504.90122045543,656.6708720190304,7870.254817813988,404.84310054516504,367.31285741973073,212.33749383700015,610.784365404619,177.3702450452658,59.31875681024824
11-07-2022,25037.950754003356,158.96482305410635,77.26799336877565,71.42973401901116,48915.49423960866,824.0550429742659,10374.46660540637,344.2334620873036,389.9129566004521,255.19581560438522,858.1239019091449,180.77808121924167,114.42579011676196
12-07-2022,21319.467248801026,219.0940687751106,146.02033209224714,80.52512312596647,47010.61549716083,925.001434946941,11693.162178034165,631.2399423968543,290.3939296148746,277.744783925587,970.8887033390351,253.47166662760355,95.68506989090001
13-07-2022,22074.9715782899,214.5048752863322,96.12968881253795,74.62043565844742,46735.438947480216,1052.0210665359198,11555.798332527387,642.1830179967875,274.438888389761,253.1028273622674,936.7396247320568,279.9274793514606,53.58016549544688
14-07-2022,28560.004360902916,230.29301842462453,90.167635860112,111.56559645125246,57372.85675462837,1417.1427883058416,17936.886119900668,948.685911213462,352.70573829318477,390.71183020035664,1306.4517129517221,332.40383819156887,61.646473478419665
15-07-2022,28732.413536669937,427.4870983633621,75.24521775577004,97.30825999295017,55627.61772275524,1633.927510322331,16474.223860658738,1696.8742943491714,307.9598210872256,302.86461423901136,3450.936786437814,370.6459121491128,77.70542148067541
16-07-2022,46542.24837433238,239.45737358571586,101.23582679751514,89.7649257165745,48311.32614602206,1123.721133750862,16817.1949042499,1133.8936060782737,323.7953239091801,329.5905520231707,25137.30969736673,320.234375907867,76.9825588990984
17-07-2022,42051.10169479755,222.5941776158409,102.96075358147169,84.02092033169177,39784.55734826852,826.5941688395502,19025.831554912707,662.4914254414329,337.77308579517285,263.5646875038688,23310.36149152784,341.4690683182329,69.07094634356817
18-07-2022,29615.79446149923,144.57473206138962,72.22243450857506,88.8590707796708,97209.23686697979,945.7035670430394,15797.648344457473,864.6725927518868,285.75532644660365,249.81751656469902,62468.131981565355,281.58163258010796,50.78302970985112
19-07-2022,58636.73470548306,235.64056374255952,104.51212525222917,140.2473897570493,74599.47276212217,1682.9269130515963,26437.29005427533,2458.672615922494,577.567571127955,573.3765455853187,24287.013428885526,688.7815173848905,80.92377338163237
20-07-2022,57338.22336151413,295.89099699432376,153.19846313856183,170.2311533284521,76153.93799756937,1285.5261580200554,27749.085857707003,1329.3659842501231,746.2420753136312,550.9530329270701,15747.773889552813,825.3255472245796,101.65504309983478
21-07-2022,40775.71899379776,246.62656509647002,181.61915906486598,168.29713258823875,70821.02576434107,1605.1203434453298,21728.12638356131,1402.5003084881394,591.5719537072769,995.0169159124551,5943.471143920102,549.1946372870209,84.40989924881312
22-07-2022,63224.249257511285,209.5126578879522,176.7442550739371,115.80253905123014,59647.3107652657,1164.088486936362,19411.40508296741,1538.4843918398105,381.43889958744114,426.25800541786015,34998.98706188505,490.9663357892102,83.67672591341606
23-07-2022,40304.37330141499,154.07586842237,136.39323422374727,116.18414193092228,56089.0149342524,1090.0642498968377,18084.36873124277,999.6690232112846,409.9659473129851,370.7425002860777,12852.784687791933,374.0890869383701,78.74516835593721
24-07-2022,42519.262113153294,141.53424723314436,96.03311678792042,88.94300814711895,48176.45698633117,855.8978775834764,14901.008279154797,658.554964198076,316.7966530903046,301.8614102823096,22728.47618028815,298.9050864223595,64.82389401403015
25-07-2022,33108.91665905373,139.28270107177855,99.37770402739335,83.24943396115306,49823.29343456326,774.1996490594009,16058.33197802615,682.9722377800861,334.14123542908055,247.4800607144631,13511.649591251595,290.3858268813096,63.81859868478366
26-07-2022,42667.548128932234,297.7882200890492,107.18565791532151,91.94152886552352,57326.01450690179,1032.4638709487183,19852.493229276333,846.7357079923324,389.8259809307424,333.1007913714314,12266.428974382457,308.03468706504003,114.68680513312005
27-07-2022,53995.62003518145,224.1542405240415,152.14178366354227,80.16441663000157,55300.482214819465,903.4987159245186,17711.985937250436,747.0197776283136,355.89113967063514,307.6825878048506,28749.929057470315,249.83189627256965,100.14490230614872
28-07-2022,54498.28194445157,359.1566168765677,178.17889976594023,108.35516059124824,67731.13977219217,1505.190980643265,22792.557484269226,1202.5175148715994,476.7026920184064,388.42334679172905,25637.669862021947,350.42381886159893,88.37533169810588
29-07-2022,55609.6279806571,593.8727580076154,221.60685464614664,150.5259423448691,908986.9483682066,387.27296699822153,27508.245872984702,1740.8183776015032,731.958391065223,547.3337491275033,15143.779787628317,430.8806368478,152.77918083100639
30-07-2022,41089.335195639746,384.6730972032543,202.99643130359286,131.6312895131228,71040.85099863117,2732.5261256230756,21792.59823236492,1310.3224879726108,704.6248221397939,629.3407438681077,9366.962075838375,491.72781953127947,122.75447665746788
31-07-2022,62102.072346807785,254.0197134917234,155.53374465845934,139.2011569591295,54545.52344054871,1138.108421946806,14236.780342012004,753.9633326130923,652.0190845777812,679.1092665730131,37779.48382423274,420.8452627789044,117.00078242206885
01-08-2022,31786.729326443205,272.602890912076,129.24954274429467,128.8147362484099,50160.77189633053,1243.1251751129416,12894.604186287697,919.6999205487068,800.8551638112267,443.178697931631,11383.629246530496,342.57294261576993,92.79145822666455
02-08-2022,44489.771146510735,201.00581965928683,107.09322341639913,107.7742282539178,53506.28949641532,1311.2880135960827,15515.408282681605,685.5631117326592,637.0641083820357,432.1362144067208,20993.43381345899,310.6375868102474,55.90439076115254
03-08-2022,35151.09651675639,284.7055615946138,124.8209888991307,194.48471787836107,58434.15898797218,1867.1270152984753,19414.68613872405,686.5706600577307,616.0472275401912,368.4455908675518,9268.365393484775,323.58667643181747,73.72184121047493
04-08-2022,41334.593234075066,320.19918275512816,112.16824494846122,230.43263429338077,50576.62179381834,2208.1522741887948,15548.536682141968,505.2239177826032,497.36361725384273,326.1575549490543,18045.14348162729,257.9575991360973,83.36309897380588
05-08-2022,23624.874220429745,216.52601696338155,111.04400163265117,140.54210384649556,47087.5137860626,2007.1967028573215,14074.560038427648,422.079968928195,370.6646037015763,300.21827487645396,1009.220096721869,315.8705334534014,86.28030170703248
06-08-2022,27040.190909828074,173.6922662599186,95.42140022524195,153.1322975431765,51657.46459789725,1694.8150488307606,17717.47572824365,524.5990281945226,493.50957210535455,379.38990241666176,1083.0813629394202,287.9784055189345,77.86267962649141
07-08-2022,14439.69427114074,108.88235958501556,84.28341330032914,98.94931103321558,36100.819178885475,1199.9100731599267,11231.10324436643,324.82839226107103,359.90689847795363,312.5528309479271,528.4746922605269,227.4369656810388,42.141738767582915
08-08-2022,14324.042469270955,83.7456048701111,141.6233390812287,84.46648925815703,31965.80574783917,524.2590398295711,9464.715954716836,250.57035895345336,316.7919515772106,195.7609255227399,558.4519870240587,156.96137790172335,38.176651933358315
09-08-2022,27756.736787028625,150.50372816245329,121.97694899218509,113.98920521667789,51732.93351128372,946.1661658398058,15566.998953351176,443.9709261442406,680.4609857296546,390.1762933336786,1138.6991489583206,310.9026742050829,50.035339999106625
10-08-2022,29738.06933777638,147.77891476458746,110.44215450619218,107.33394642792236,46268.391132190336,1186.8363061700502,24284.375402607096,3368.897069989546,1793.7717268006395,620.5381408961928,3343.0315767911216,304.44696742767303,58.84130620163551
11-08-2022,32215.976525650152,195.43273472839738,150.35828049957738,170.63874292045313,58980.574520077585,247.6422959922279,21699.44204907331,456.0594997362767,821.0492808519103,473.7874910608855,1239.7632182306043,342.22731674341765,97.08807924154605
12-08-2022,33892.871243716596,195.00650257989432,161.557975584054,155.20824807542166,62752.8783571193,465.3529854846385,21837.06806982725,421.47695058586083,666.1880980228884,601.345664785982,1216.9216261301844,357.338879108437,93.90591093500348
13-08-2022,25195.193357103275,131.77440301577025,120.88334752036047,115.5446752183459,46371.78646818651,982.278102740495,15849.264839752772,292.3839740044129,536.717872361275,350.0558595762697,1018.9327192623654,261.98667838950405,55.80904429141667
14-08-2022,22240.559959522096,121.40678266482568,99.89609008358848,87.45536500443139,43537.34274904279,991.5027752308839,14816.74516091679,919.6591388043099,349.2777130658586,429.53137480676554,661.9945159927042,325.08614124364743,37.883900545412914
15-08-2022,21287.616855704495,169.8233293551214,82.45564485408823,98.86906390597507,44885.26323504348,943.3923809953665,12172.210305158233,567.9620350532418,410.2182675534377,1472.1691648825501,850.8318538594449,513.084023929063,53.7839028808134
16-08-2022,33404.81250780541,171.8305460658413,101.69912653963493,101.46410084945771,57625.41232161975,1029.6212796704529,18310.871317455876,526.6256602692065,443.74860891429574,881.087003278233,1162.1938274376662,464.10720561716386,62.59075912869816
17-08-2022,24971.300201368165,145.5406395649854,137.0238584652644,79.91556779594531,48208.34989561974,1009.8085446032021,14240.23076188774,400.68778986937104,361.7839351648874,1907.9927369825043,1031.739476423797,319.3480217255466,44.273366146744806
18-08-2022,29567.403252001208,141.82968799111882,182.77136476999002,108.8223906841379,54358.38061631724,1199.7344594520664,18427.553152351742,464.6270171664412,434.7042890953314,987.896632125515,1563.237238528783,343.46737199177625,46.28090052153051
19-08-2022,20228.208349156568,131.67485423955395,131.1374237572894,77.64205209948439,42090.13765837553,1091.855502005271,13363.780756798216,373.2053243086532,321.099596183252,599.1803699097159,988.3503351681571,291.8453200359677,40.73001126202871
20-08-2022,35142.410593122186,194.39838805793323,170.31474503717962,134.62442560831636,63302.88275768369,1657.9927687646261,22687.362580095345,685.105426181227,468.97508658167635,1015.5240961820706,1723.0397681176623,405.08787951078045,70.6366905094866
21-08-2022,23809.679190922187,117.24271766195308,92.28128418462869,88.67685580733354,46233.757335904316,1246.8379655850028,16404.512934336613,490.9271943744179,325.90240356033985,597.5916776288223,890.7085373842945,293.5779986085746,44.6641716773531
22-08-2022,20476.23710835153,107.27711498041654,102.36679515598077,78.21680533854187,42255.11123161164,1195.2982063088677,14174.702673113023,389.52015059362986,239.1595228705295,481.5426207442357,795.459529353484,194.23115728958598,38.20080240468441
23-08-2022,28856.912427175736,149.55184146980554,100.84892668818867,86.83269004767835,50548.63595883002,1570.7197699969765,16648.637311974202,361.304920406442,293.45877469653,583.1580797801674,1092.2329363839885,338.63572989406146,45.58813153783668
24-08-2022,29331.102121793316,126.68698491119508,106.17729504795994,89.34627115570791,56598.21256937236,1057.6368294286772,17182.337491186132,360.25959770140327,328.997051524054,361.4875509958859,980.8850200196048,244.70751534253156,53.81477510874965
25-08-2022,26855.905243361158,110.19054568405298,101.49249748668565,79.00268108319447,37039.750574437116,838.9873902975254,15322.907185334569,318.8632488376136,270.01399587179304,399.66953434822784,893.7466633587409,232.0490619343765,41.3307443885381
26-08-2022,26767.966536315012,106.33872324209042,81.75282475686723,66.04535186309404,34809.12328771343,805.713579376531,12905.826689355816,267.2589178089149,233.75395612490513,481.03616502384807,880.1209921624258,216.0211354132288,60.986611052811256
27-08-2022,34910.72780504114,163.17229537330093,98.58243764041029,90.40543875904415,44419.82191754289,1018.3416400751537,23170.035981438356,551.3624721498298,338.5096592806309,566.0614662603946,1466.059795947098,297.31040510338295,51.39441008755592
28-08-2022,24463.219414743475,104.63996114573487,79.9087238434055,68.20177053541242,30622.12056675287,289.6449963800939,15440.053448984152,483.838952431457,264.326212124532,335.854088033515,699.466583794597,198.22457690890207,32.28331870949286
29-08-2022,19781.826309451182,95.35600440547783,77.25997636109963,56.05866642838858,23155.04204579103,419.819777671055,10575.504871684057,372.1222253704513,192.07123152542434,243.80804260731367,527.6832397413518,155.9886214965735,30.675480417406973
30-08-2022,28706.315246140064,107.90426976169509,91.93124690593086,74.0858507429995,35417.74506028471,908.0622373551437,16528.644851715966,451.4402016956554,278.447038218257,304.8645662759008,928.205984638813,203.84258245508778,32.33858307998674
31-08-2022,30308.99372545616,105.97693853303414,93.64795480016835,72.39590568546198,38865.74781668629,364.21304687653304,19704.7201953797,436.83867357680754,264.6763627892612,296.88763537576483,866.624871255485,197.2095342447317,44.55759834728481
01-09-2022,27825.7861598556,134.21532095428367,80.8676569898626,70.42880022313886,36863.6453375263,336.4348582854408,18596.055350613737,426.29693940110184,239.48989127331268,273.6565599443712,796.9129254163057,202.95233312464185,30.77087300346346
02-09-2022,25616.73733588055,94.23269313504863,99.51268241389833,65.8682030884692,34802.15103314091,866.7587637151389,15076.286516891345,601.8048465926255,267.990947572671,303.10811886875155,809.9449256004991,192.04087420089172,28.51023251151047
03-09-2022,24078.04229834007,101.4176521941877,97.01209358940719,66.64381358637625,33809.69824179397,176.34626848536095,15857.65435709863,498.7204462866882,349.64767449128175,248.59151372638797,846.2875128513036,187.63907827040012,49.17799193630263
04-09-2022,20048.15318739969,53.4433129656485,67.25815374138759,52.637660453951405,23428.663482634325,382.12851616998205,8500.114333500416,253.9619761008432,197.24157015928125,276.2257023087001,444.8639178765463,116.77141761824224,36.76456960593919
05-09-2022,21537.524477369043,69.15355616203215,59.513276428300415,60.86415342620246,23937.73007925085,418.82820898438035,7827.505125483585,246.57967282480786,215.99927574261451,233.0900744711702,405.8100284339963,211.07220368075522,25.92058214375933
06-09-2022,23522.96165500036,98.1513227948251,76.73304005373268,62.135389515935735,30224.237112899184,553.587755583382,11815.125728969868,277.3842843030897,294.5342219765169,219.97207226630644,714.2601595814117,270.637940030584,56.393801031287104
07-09-2022,39940.31040647586,132.93514400974948,99.77582243519137,86.59591508818535,52031.45566686407,929.4965493717955,20860.20164441259,619.6393029046801,395.1882849799877,438.7783658032458,1188.996326401049,298.11382843616747,47.849025029535234
08-09-2022,30517.907004082463,91.85825010979221,91.66178121405403,77.05296171326897,42962.09314540324,891.9127910622817,18560.005397328412,408.3538524753791,317.51266523202094,321.66351429008483,1023.686540747103,218.2359830138554,52.91580112036699
09-09-2022,28936.941008358917,91.12088290813551,76.86175839637554,71.64294411605098,40601.3989558924,745.2237801461268,16676.18864315121,347.229868751988,336.04366679299017,268.8521224392712,1009.5726405292882,169.07862726252299,77.00227136649363
10-09-2022,42487.05905497593,147.42805683881713,96.02932121399172,93.71123364555051,58186.78397880737,1041.667243026517,19418.675070680107,424.01478587874163,357.44528570666984,474.6438077284111,1403.0948096246902,273.29530420563293,68.17676707623707
11-09-2022,35941.34974524438,118.40790136538631,73.58047143457522,70.44041017919535,44922.34545578997,578.54181943387,12521.808520701172,367.94119465967043,273.46865278392613,418.79490873447907,802.5614429660526,306.3163236064909,60.85662477920387
12-09-2022,31266.25214535619,103.09753980054569,65.52011164664627,66.31347395648912,38020.53633384481,475.0524327777434,11692.754175395372,282.48257863711973,249.22680414856288,332.6753485558981,638.8806617877574,201.13599265751446,44.427681439067506
13-09-2022,44006.48668944507,153.6189415561403,104.34652639754525,95.81423860218078,52565.815667173745,687.3917157295094,16770.56623630973,651.8158432516522,418.33093999678607,387.7666910881112,1059.520260124269,265.32354986471637,54.70939616770197
14-09-2022,46489.89091482466,128.70141360901724,113.17147802497671,109.15672685112645,58063.64335798546,1062.8975947003585,22286.70092733814,704.1972186321436,423.4976586158054,449.99870697261923,1324.4897926553567,348.34626314261635,64.0850273688797
15-09-2022,35789.015870392235,93.59615336338571,97.67507369900731,81.5223982774881,46713.912644377175,637.0222007735264,17198.033718180206,395.7585050639641,288.0427645222527,357.8863708075104,1106.9999035049818,183.8869078502702,41.91867215660791
16-09-2022,33715.957206683284,108.6546312295326,94.32490832891656,91.36114884926057,50060.584473281575,880.1658697445587,24787.86436663655,419.5214764871296,331.9176849285759,309.004227844802,1337.5522503920174,207.26376949855396,41.02640078967728
17-09-2022,30187.73770958007,68.11131331958322,75.9571476721712,70.64153761419249,39890.00068423793,691.151537400469,17892.819034618075,327.1905742743127,281.3262514442499,238.62001670636025,1261.9582746868336,163.91631394136533,36.5589784223806
18-09-2022,23394.494073784783,62.61660436945425,68.08715907225783,59.4297146198376,28768.83934209715,455.3317448777075,10309.763882142286,199.87311516809638,200.1179477609119,205.86308386205636,1427.7892776753604,146.3182432453164,27.872018314764148
19-09-2022,28689.764413699097,80.47494735315665,78.50269221870234,79.51621521872401,37379.86628102318,619.3230505974814,14696.599277019013,353.0755889466042,304.6682334065653,250.54235111601793,2096.7531842942494,230.9569054444035,42.718532586262555
20-09-2022,39507.93886487854,100.18561941594066,84.9229262991447,89.12898826495093,49397.242980145034,915.8887465984051,17757.5338381638,396.1081524160314,374.3815045999829,288.8660405013149,2475.3800161667496,217.77048669619217,39.00354304183658
21-09-2022,33890.591849676515,71.29487991925144,76.80949514281326,69.52962914426206,41212.25491607298,715.0846545573487,13605.986462228133,308.95303726578305,249.67189220249358,278.5631683696528,3389.7114462201284,187.81653123487922,32.14394344886766
22-09-2022,41059.997264968486,108.53800459929575,79.52557722115223,104.21450840460795,49684.22603252437,429.925394622945,18732.74324162821,480.3737081673329,378.98756843804665,379.475189299615,2923.8664540464397,247.53537211675228,44.16195513714088
23-09-2022,37660.91438989231,106.18816018727766,75.80108743122501,81.56474902411044,45518.09456355377,750.846868141816,17517.188721084025,369.46990040632267,261.158472985319,235.7362925000854,4345.510563239003,222.44448240800625,34.03336147474717
24-09-2022,35506.139423901346,106.78709970723722,75.06508876722793,77.53315869993638,46315.125196187604,787.7907635111085,17599.76673124086,442.1956574543017,338.06935726604917,650.6602285576719,6851.174094822689,360.7238511179099,35.766232528416516
25-09-2022,24644.35442161794,72.77525809711422,56.534249821521556,61.117054278508455,31895.001290073804,561.0518723911191,11251.32660948999,281.68171445335105,204.56790699327343,895.8207290909967,3174.5096740623308,239.1489080496759,23.776541199075044
26-09-2022,21516.374222675317,64.31710767600175,47.69675738657024,57.239036866878976,28190.433126979966,252.97490851656832,10552.64786967358,248.2772011899109,189.0228103120595,348.169164419361,3076.786928782902,182.3609548657233,22.129647081645064
27-09-2022,42560.19394441844,113.05795173849376,65.34422884717205,70.2739155544263,184413.79829958835,454.6771129975738,15270.197375846754,368.8628886080127,373.28160689103953,302.3584191794395,2761.704681577815,192.95881728336943,34.79213803598782
28-09-2022,52482.61548386207,227.45844480420016,93.58388285069391,82.30482059101381,59462.8865544584,820.521273712194,16685.874856004008,464.05888837477096,320.78605553855436,313.03354681594914,2605.483194233198,208.43313389963512,41.422585095679445
29-09-2022,47494.258189704226,168.19546243595877,79.80940195964212,69.35660462541645,53408.3447530263,252.00491108645053,16571.16147625387,296.0185502323846,252.24504866838987,252.50370908114388,2399.4252390694296,162.91340091571968,30.855196174998852
30-09-2022,37537.71623048356,120.95929986323705,77.43839842223043,63.66466551688941,43981.41582169666,699.4025582029155,11834.328252392088,291.6083093397134,248.46035427300836,213.91192802846697,2979.5311313341986,139.80588100129515,32.08905552253172
01-10-2022,37848.66633067224,158.71482864574335,66.65968939281284,61.58554942798725,44169.81565011315,367.99449215451324,11849.125783759304,356.78519247749267,310.145298629885,328.2329247814179,2972.86827242752,154.41909097395435,32.932779819776314
02-10-2022,15943.514602722154,94.82993401969229,53.783067285252386,45.57854540594817,21668.992633688766,414.2553382676184,5052.407840714767,168.6832873153563,171.67781468415865,324.03070424489323,1408.5937455803169,92.15552690053207,26.189000633279203
03-10-2022,17859.68458764641,135.06018968133293,66.97374272367745,50.52034111098732,23799.534339291356,469.4282103280755,6227.268235758528,197.19159820961588,192.6617650237451,190.8306645855454,1408.392767923718,111.4265037801156,33.06751276024404
04-10-2022,26634.227151925246,161.86470693747154,68.6556320832552,51.300049127199784,32437.90253147961,605.113948824388,8749.66355466095,330.85809693537874,222.80127031950394,187.65127687752542,1739.3364705764768,144.6624679535313,27.19853770965501
05-10-2022,30974.52002794433,166.65897304613245,72.71274329777046,61.13245276351933,35921.416944899735,728.3364491414783,8587.836597469868,388.40558953285847,199.91423540467994,692.6566692895934,2038.3036450219688,140.58489116020942,51.44744775192654
06-10-2022,29366.342083101757,106.45581958988123,67.07047095338258,48.4667860612895,34389.94486726382,543.0290755981968,8502.549881905834,393.7299424507932,194.18803911389048,550.5230657098867,2280.9301021680976,200.67865315740127,104.04616861367651
07-10-2022,31354.758329142307,144.31549455938753,108.43541290104865,46.01435360702114,36750.0921167274,217.91355979823757,10653.358724953414,318.85879948741405,199.86591054736718,369.41533026572773,1784.2829443489886,172.7471460707815,147.45811551406615
08-10-2022,25445.042398337973,136.1935736349079,105.95478641131287,51.066423089900525,31438.334493592607,941.6747779664015,9123.112355727317,255.9840760748596,184.57762544787857,317.45023201979257,2249.633454415931,138.79555311047247,140.93501485106478
